01010, 010101, 010101010, 0101010, 0101010101, 0, 010, 01, 01010101, 0101, 00001, 000000, 000000001, 0000001, 0000000000, 1, 001, 00, 00000000, 0000, (?P<t1>(01)*)(?P<t2>0?)
00111111, 1111, 10, 0011, 11111111, 0011111111, 0011111, 1011111111, 101111111, 1011, 00111111, 0000, 00, 0011, 00000000, 0011111111, 0011111, 0011111111, 001111111, 0011, (?P<t1>1*|(0|1)0)(?P<t2>1*)
1111111, 111111111, 111, 0, 11111, 110, 111111110, 1111110, 11110, 1, 0000001, 000000001, 001, 1, 00001, 001, 000000001, 0000001, 00001, 1, (?P<t1>(11)*)(?P<t2>0|0|1)
011111110, 01111110, 01110010, 01111111, 011110010, 01111, 011100, 011110, 011111111, 01100, 012222244, 01222244, 01223344, 01222222, 012223344, 01222, 012233, 012244, 012222222, 01233, (?P<t1>0)(?P<t2>1)(?P<t3>1*)(?P<t4>(00)?)(?P<t5>(10)?)
110101, 010101, 1000010101, 00010101, 000010101, 0000010101, 10010101, 1010101, 100010101, 0010101, 023456, 023456, 0111123456, 01123456, 011123456, 0111123456, 01123456, 0123456, 011123456, 0123456, (?P<t1>0|1|0)(?P<t2>0*)(?P<t3>1)(?P<t4>0)(?P<t5>1)(?P<t6>0)(?P<t7>1)
000000, 00, 0000, 000, 000000000, 100000, 100000000, 0000000, 1, 0000000000, 011111, 01, 0111, 011, 011111111, 011111, 011111111, 0111111, 0, 0111111111, (?P<t1>(1|0)?)(?P<t2>0*)
1110, 11100, 10111, 10110, 111, 0111, 01110, 1100, 11110, 01100, 0123, 01234, 00123, 00123, 123, 0123, 01234, 1234, 01234, 01234, (?P<t1>(10|1|0|0)?)(?P<t2>1)(?P<t3>1)(?P<t4>1|0)(?P<t5>0?)
111111111, 1111, 10, 1111111111, 111, 11111, 110, 11, 111111, 1, 011111111, 0111, 11, 0111111111, 011, 01111, 011, 01, 011111, 0, (?P<t1>1?)(?P<t2>10|1*)
1111111, 111111111, 1111, 111, 0111, 10100, 111111110, 111111, 0000000, 1, 0111111, 011111111, 0111, 011, 0111, 00111, 011111111, 011111, 0000000, 0, (?P<t1>((0|1)0*)?)(?P<t2>1*|(1*0)*)
00001, 0000000001, 01011, 010000011, 0000000110, 010000001, 00011, 01, 0110, 1, 11111, 1111111111, 00112, 001111112, 1111111122, 001111111, 11112, 00, 0022, 1, (?P<t1>(01)?)(?P<t2>(0*1)?)(?P<t3>(1(0|1)?)?)
11001011, 001011, 00101000, 11001010, 111001010, 111, 001010, 1100101000, 11, 111001011, 00111111, 111111, 11111111, 00111111, 000111111, 000, 111111, 0011111111, 00, 000111111, (?P<t1>(111?)?)(?P<t2>(00101(0|1|000))?)
000011, 01011, 1100110, 0011, 111, 0, 11111, 11011, 11001110, 01, 011222, 01222, 0011222, 0222, 000, 0, 00000, 00222, 00112222, 01, (?P<t1>0|1*)(?P<t2>(00|1)?)(?P<t3>(011|1*0)?)
111111111, 00, 0, 0111, 0011111, 0011111111, 000000000, 001111111, 01, 00000001, 122222222, 01, 0, 0122, 0122222, 0122222222, 011111111, 012222222, 01, 01111112, (?P<t1>0?)(?P<t2>0|1|0*)(?P<t3>1*)
11100, 11111110, 1111100, 000000000, 100, 0011110, 0111111111, 00111000, 0011100000, 1111111000, 11122, 11111112, 1111122, 000000000, 122, 0011112, 0111111111, 00111222, 0011122222, 1111111222, (?P<t1>0*)(?P<t2>1*)(?P<t3>0*)
1101, 0010, 10, 00, 0001, 001, 1001, 00101, 01, 101, 0112, 0011, 01, 00, 0012, 002, 0133, 00112, 12, 012, (?P<t1>(00|1)?)(?P<t2>(10|0)?)(?P<t3>1?)(?P<t4>(01)?)
1111111, 01111111, 10, 011, 1111111111, 111, 11111, 000000000, 1000000000, 1, 0122222, 12222222, 01, 122, 0122222222, 012, 01222, 122222222, 0122222222, 0, (?P<t1>1?)(?P<t2>(1|0)?)(?P<t3>0*|1*)
000000011, 0011, 001, 000001, 00000000, 01, 0000000, 10011, 1, 00000001, 000000112, 0112, 011, 000002, 00000000, 02, 0000000, 00112, 2, 00000002, (?P<t1>10|0|0*)(?P<t2>(01?)?)(?P<t3>1?)
1101, 11100, 011010, 11011111, 11011, 1110111, 0100, 010, 111011, 01100, 0234, 01234, 012344, 02344444, 02344, 0123444, 0234, 023, 012344, 01234, (?P<t1>1|0)(?P<t2>1?)(?P<t3>1)(?P<t4>0)(?P<t5>1*|1?(0|1))
111111111, 1111, 10, 0010, 00, 1011111, 111, 001111111, 10111111, 1010, 111111111, 1111, 00, 0011, 00, 0011111, 111, 001111111, 00111111, 0011, (?P<t1>((1|0)0)?)(?P<t2>1*|10)
1111111, 111111111, 01011111, 0101111111, 11111111, 1111111111, 111111, 101111111, 1, 00001111, 0111111, 011111111, 00011111, 0001111111, 01111111, 0111111111, 011111, 001111111, 0, 00000111, (?P<t1>(0*(10|1))?)(?P<t2>1*)
010101010, 1, 1010101010, 11010, 0, 110, 110101010, 101010, 1010, 10101010, 011111111, 0, 1111111111, 01111, 0, 011, 011111111, 111111, 1111, 11111111, (?P<t1>(0|1)?)(?P<t2>(10)*)
10, 010101010, 00, 111, 0, 110, 11, 010, 01, 1, 00, 011111111, 01, 001, 0, 001, 00, 011, 01, 0, (?P<t1>(1?(1|0))?)(?P<t2>1|0|10|(10)*)
01111111, 111111111, 1111, 000000, 00111, 00, 0011, 0111, 100000, 011111111, 01111111, 011111111, 0111, 011111, 00111, 01, 0011, 0111, 011111, 011111111, (?P<t1>1|0|0*)(?P<t2>111*|0*)
01101101, 010101, 00, 0001, 01010101, 01101011, 00011, 0101011, 0001011011, 0101, 11111111, 111111, 00, 0011, 11111111, 11111111, 00111, 1111111, 0011111111, 1111, (?P<t1>(00)?)(?P<t2>(011?)*)
00001, 0000001, 00000010, 000011, 000000011, 0010, 0011, 0000000001, 0000000010, 0000000011, 00001, 0000001, 00000012, 000012, 000000012, 0012, 0012, 0000000001, 0000000012, 0000000012, (?P<t1>0*)(?P<t2>1)(?P<t3>(0|1)?)
101000000, 01110010, 00101000, 0000100001, 1100000010, 1110000, 10100010, 000011000, 111000, 0000000000, 011111112, 00111112, 00011112, 0000011112, 0111111112, 0111112, 01111112, 000001112, 011112, 1111111112, (?P<t1>(0?0*1)?)(?P<t2>(0|1)*)(?P<t3>0|1|0)(?P<t4>0*)(?P<t5>(10?)?)
00111111, 1111, 00, 0011, 11111111, 1111111111, 0011111111, 001111, 11, 111111, 00111111, 1111, 00, 0011, 11111111, 1111111111, 0011111111, 001111, 11, 111111, (?P<t1>(00)?)(?P<t2>(11)*)
01100000, 000000, 1100000000, 11111000, 111111100, 111111110, 1000, 111100, 11110, 1, 01122222, 022222, 0122222222, 01111222, 011111122, 011111112, 0222, 011122, 01112, 0, (?P<t1>0|1|1*)(?P<t2>1*)(?P<t3>0*)
01111111, 1111, 1011111011, 0111111111, 1011111111, 10111101, 0, 11, 01, 101111111, 12222222, 1222, 0000000001, 1222222222, 0000000001, 00000012, 1, 12, 12, 000000001, (?P<t1>(101*(01)?)?)(?P<t2>1|0|10)(?P<t3>1*)
1111111, 1111111110, 11111110, 111111111, 11111111, 1111111111, 111, 0, 1111110, 1, 0000001, 0000000001, 00000001, 000000001, 00000001, 0000000001, 001, 1, 0000001, 1, (?P<t1>(1*11(11)?)?)(?P<t2>0|1)
1111111, 1111, 011111, 1111111111, 111, 0111, 0, 0111111, 01, 1, 1111111, 1111, 011111, 1111111111, 111, 0111, 0, 0111111, 01, 1, (?P<t1>0?)(?P<t2>1*)
1000000111, 100000011, 0000111, 10000111, 11000011, 1100011, 1111111011, 011111111, 1110000111, 1011, 0011111234, 001111134, 0111234, 00111234, 00111134, 0011134, 0000000134, 000000034, 0001111234, 0034, (?P<t1>1(1|0)|0?1*)(?P<t2>0*)(?P<t3>1?)(?P<t4>1)(?P<t5>1)
01, 01111111, 011, 011111, 01111, 0, 0111, 0111111, 011111111, 0111111111, 01, 01111111, 011, 011111, 01111, 0, 0111, 0111111, 011111111, 0111111111, (?P<t1>0)(?P<t2>1*)
0101010110, 10, 010101, 0101010101, 01010110, 01, 01010101, 0110, 010110, 0101, 0000000011, 11, 000000, 0000000000, 00000011, 00, 00000000, 0011, 000011, 0000, (?P<t1>(01)*)(?P<t2>(10)?)
000000, 0000, 000, 100, 100000, 1000, 00000000, 100000000, 10000000, 1000000000, 111111, 1111, 111, 001, 001111, 0011, 11111111, 001111111, 00111111, 0011111111, (?P<t1>(10)?)(?P<t2>0*)
11100, 1111100, 11111000, 000, 11111100, 111111100, 1000, 1100, 111100, 111000, 00012, 0000012, 00000123, 123, 00000012, 000000012, 0123, 0012, 000012, 000123, (?P<t1>1*)(?P<t2>0)(?P<t3>0)(?P<t4>0?)
1110111111, 011101111, 011101, 01110111, 111011111, 0111011111, 0111011, 1110111, 111011, 11101, 1234566666, 012345666, 012345, 01234566, 123456666, 0123456666, 0123456, 1234566, 123456, 12345, (?P<t1>0?)(?P<t2>1)(?P<t3>1)(?P<t4>1)(?P<t5>0)(?P<t6>1)(?P<t7>1*)
101101001, 00000, 00, 0001, 101101101, 00101, 0101, 000001101, 001101101, 00000001, 111111111, 00000, 00, 0111, 111111111, 00111, 0111, 000111111, 111111111, 00000111, (?P<t1>0*)(?P<t2>((1|0)01)*)
01, 000000, 00, 11111111, 10000, 000, 00100, 1110000, 0010000, 0100, 00, 111111, 11, 00000000, 01111, 011, 11111, 0001111, 1111111, 0011, (?P<t1>(11*|01|0)?)(?P<t2>(1?00)*)
00000111, 000000011, 00000011, 011, 0000000111, 0011, 00111, 0000111, 0111, 00011, 00000123, 000000012, 00000012, 012, 0000000123, 0012, 00123, 0000123, 0123, 00012, (?P<t1>0*)(?P<t2>1)(?P<t3>1)(?P<t4>1?)
01100000, 110000, 01110000, 1100000, 000000, 0100000, 011110000, 100000, 1110000, 010000, 01123456, 023456, 01123456, 0123456, 023456, 0123456, 011123456, 023456, 0123456, 023456, (?P<t1>1|0)(?P<t2>1*)(?P<t3>1|0)(?P<t4>0)(?P<t5>0)(?P<t6>0)(?P<t7>0)
10, 1000000011, 11111100, 000, 100, 00000000, 100000000, 111100, 1000000000, 1111000000, 00, 0011111122, 00000011, 111, 001, 11111111, 001111111, 000011, 0011111111, 0000111111, (?P<t1>10|1*)(?P<t2>0*)(?P<t3>(110*)?)
10, 1100, 00, 111, 110, 100, 1000, 1110, 010, 01, 12, 0123, 12, 012, 012, 012, 0123, 0123, 123, 12, (?P<t1>1?)(?P<t2>0|1)(?P<t3>0|1)(?P<t4>0?)
11111001, 11111000, 1001, 0, 111111000, 1111000, 1000, 1111111001, 1, 1111111000, 00000001, 00000001, 0001, 1, 000000001, 0000001, 0001, 0000000001, 1, 0000000001, (?P<t1>(1*00)?)(?P<t2>0|1)
11100, 1111111, 1111, 0, 11111, 100, 11, 111111, 01, 1, 00011, 0000000, 0000, 0, 00000, 011, 00, 000000, 01, 0, (?P<t1>1*|0|1)(?P<t2>(00|1)?)
0000010000, 1100100000, 0010000000, 000000, 0011001, 001000000, 0100000, 000, 1000, 11000000, 0111111111, 1111111112, 1111111112, 011112, 1111111, 111111111, 0111112, 011, 1112, 11111111, (?P<t1>0?)(?P<t2>(00|1)*)(?P<t3>0*)
1111111, 01111111, 0111111111, 11111111, 111, 0111111, 011111111, 111111, 01, 1, 1111112, 01111112, 0111111112, 11111112, 112, 0111112, 011111112, 111112, 02, 2, (?P<t1>0?)(?P<t2>1*)(?P<t3>1)
10001, 00, 0001, 10000000, 000000000, 000001, 100000000, 01, 1, 101, 01112, 11, 1112, 01111111, 111111111, 111112, 011111111, 12, 0, 012, (?P<t1>1?)(?P<t2>0*)(?P<t3>1?)
000000, 00, 0, 100, 100000, 000000000, 1000000, 0000000, 1, 0000000000, 011111, 01, 0, 011, 011111, 011111111, 0111111, 0111111, 0, 0111111111, (?P<t1>1|0)(?P<t2>0*)
1111111, 111111111, 1111, 1111111111, 11111111, 111, 11111, 11, 111111, 1, 0111111, 011111111, 0111, 0111111111, 01111111, 011, 01111, 01, 011111, 0, (?P<t1>1)(?P<t2>1*)(?P<t3>(11)?)
000010011, 0011, 0001, 00100001, 001001010, 00100, 000001, 0001110000, 000000001, 0000000000, 012333333, 1233, 0123, 12333333, 123333333, 12333, 012333, 0123333333, 012333333, 0123333333, (?P<t1>0?)(?P<t2>0)(?P<t3>0)(?P<t4>(0|1)*)(?P<t5>0*)(?P<t6>1?)(?P<t7>1?)
111111111, 00000, 000000, 00, 111101111, 111111000, 000000000, 11, 111111, 0000000000, 000000000, 01111, 011111, 01, 000000000, 000000011, 011111111, 00, 000000, 0111111111, (?P<t1>(1*(1|0)(11)*)?)(?P<t2>(11)*|0*)
011011000, 01101100, 011, 00, 011001, 010, 01, 0100, 1, 0101, 000000001, 00000000, 001, 00, 000001, 000, 00, 0001, 1, 0001, (?P<t1>010?|(0(11|0))*)(?P<t2>(0|1)?)
1110, 1111111110, 111111111, 1111, 1111111111, 111, 111110, 11, 111111, 1, 0011, 0000000011, 000000001, 0000, 0000000000, 001, 000011, 00, 000000, 1, (?P<t1>(11)*)(?P<t2>(10?)?)
00000, 10, 000000, 0000, 0, 000000000, 100000, 1000000, 0000000, 1, 01111, 01, 011111, 0111, 0, 011111111, 011111, 0111111, 0111111, 0, (?P<t1>1|0)(?P<t2>0*)
0000001, 00, 0000, 000, 000000000, 000001, 01, 0000000, 1, 00000001, 0000001, 00, 0000, 000, 000000000, 000001, 01, 0000000, 1, 00000001, (?P<t1>0*)(?P<t2>1?)
10111, 101010101, 101011111, 1010101111, 10101011, 1010111, 1011111111, 11, 1011, 101, 00122, 000000001, 000012222, 0000001222, 00000012, 0000122, 0012222222, 12, 0012, 001, (?P<t1>(10)*)(?P<t2>1)(?P<t3>1*)(?P<t4>1?)
00000, 10, 0010001000, 0000, 111, 0111, 000, 0, 01, 0110, 01111, 11, 0111111111, 0111, 111, 0011, 011, 0, 00, 0011, (?P<t1>(01|0)?)(?P<t2>(0*|1)(11|0)|(10|0)*)
10, 0000001101, 10000, 01110, 001101, 000110, 1000000000, 01, 00001101, 10000110, 00, 0000001111, 00000, 00111, 001111, 000111, 0000000000, 00, 00001111, 00000111, (?P<t1>1?0*|01)(?P<t2>(1101?)?)
1111, 011111, 01111, 1111111111, 0111, 11111, 0111111, 11, 111111, 01, 1111, 011111, 01111, 1111111111, 0111, 11111, 0111111, 11, 111111, 01, (?P<t1>0?)(?P<t2>1*)
1110001, 1111100011, 111100011, 1111110001, 0001, 100011, 11110001, 111110001, 11100011, 10001, 0001234, 0000012345, 000012345, 0000001234, 1234, 012345, 00001234, 000001234, 00012345, 01234, (?P<t1>1*)(?P<t2>0)(?P<t3>0)(?P<t4>0)(?P<t5>1)(?P<t6>1?)
110000, 10110, 10, 1010010, 101001101, 0, 110, 100, 100000, 1000, 001111, 00011, 01, 0000001, 000000000, 1, 001, 011, 011111, 0111, (?P<t1>1?1?|((0|1)01)*)(?P<t2>0*|1?0)
111111111, 1011111111, 1111111111, 111, 111110, 110, 100110, 1110, 1111110, 11110, 012333334, 0012333334, 0123333334, 124, 012334, 124, 000124, 0124, 0123334, 01234, (?P<t1>((00|1)0*)?)(?P<t2>1)(?P<t3>1)(?P<t4>1*)(?P<t5>0|1)
01111111, 0111111111, 011, 011111, 01111, 0, 0111, 0111111, 011111111, 01, 01111111, 0111111111, 011, 011111, 01111, 0, 0111, 0111111, 011111111, 01, (?P<t1>0)(?P<t2>1*)
10110, 1000000010, 100001, 101000011, 10100001, 1000010, 10010, 1010001, 1010000001, 1000000, 01245, 0123344445, 012334, 012334445, 01233444, 0123345, 01245, 0123344, 0123344444, 0123344, (?P<t1>1)(?P<t2>0)(?P<t3>1|0|1)(?P<t4>(00)?)(?P<t5>0*1|(0|1)0)(?P<t6>(0|1)?)
00000, 10, 001, 0, 000000000, 100000, 100000000, 1000000000, 1000000, 101, 01111, 01, 011, 0, 011111111, 011111, 011111111, 0111111111, 0111111, 011, (?P<t1>0|0|1)(?P<t2>01|0*)
000011, 0000011, 011111, 0000111, 0000, 000, 000000111, 00000000, 0000000001, 0000000, 000011, 0000011, 011111, 0000111, 0000, 000, 000000111, 00000000, 0000000001, 0000000, (?P<t1>0*)(?P<t2>0*|1*)
11100, 000011, 00000, 11111000, 1111011, 11111011, 111111110, 000000000, 00011, 11000, 00011, 000111, 11111, 00000111, 0000111, 00000111, 000000001, 111111111, 00111, 00111, (?P<t1>1*|000?)(?P<t2>011|0*)
0010, 1111100110, 111, 0, 1110100110, 11111, 0010011010, 1010, 1110010, 1, 0111, 0000111111, 000, 0, 0111111111, 00000, 0111111111, 0111, 0111111, 0, (?P<t1>0|1|1*)(?P<t2>(0?11?0)*)
00000, 000000, 00, 0000, 0, 000, 000000000, 00000000, 0000000, 0000000000, 01111, 011111, 01, 0111, 0, 011, 011111111, 01111111, 0111111, 0111111111, (?P<t1>0)(?P<t2>0*)
1101, 01, 1111111110, 11111110, 10, 111110, 111111110, 1111110, 111111101, 111101, 0011, 11, 0000000001, 00000001, 01, 000001, 000000001, 0000001, 000000011, 000011, (?P<t1>1*)(?P<t2>10|01|0)
110000, 1100001, 110000000, 1100000, 110000001, 1100000000, 110000011, 11001, 11000001, 1, 000000, 0000000, 000000000, 0000000, 000000000, 0000000000, 000000001, 00000, 00000000, 1, (?P<t1>(110*(1|0)?)?)(?P<t2>1?)
1111111, 1111111110, 11111110, 10, 00, 011111, 0, 000, 11110, 0110, 1111111, 1111111112, 11111112, 12, 01, 011111, 0, 012, 11112, 0112, (?P<t1>0?)(?P<t2>0|1*)(?P<t3>0?)
10, 1111111111, 001, 0, 111110, 111111110, 11, 01, 0110, 1, 01, 0111111111, 011, 1, 011111, 111111111, 01, 01, 0111, 1, (?P<t1>(0|1)?)(?P<t2>(11)*(0|1|1)|(0|1)1?)
10, 1, 10000, 100, 100000, 1000, 100000000, 10000000, 1000000, 1000000000, 00, 0, 00111, 001, 001111, 0011, 001111111, 00111111, 0011111, 0011111111, (?P<t1>10|1)(?P<t2>0*)
01010, 10, 010101010, 0101010, 1010101010, 0, 110, 101010, 1010, 1, 01111, 11, 011111111, 0111111, 1111111111, 0, 011, 111111, 1111, 0, (?P<t1>(1|0)?)(?P<t2>(10)*)
00001, 000000, 00, 0000011, 000000111, 000000000, 0000000011, 00000000, 00011, 000000001, 00001, 000000, 00, 0000022, 000000122, 000000000, 0000000022, 00000000, 00022, 000000001, (?P<t1>0*)(?P<t2>1?)(?P<t3>(11)?)
0000, 10000, 101010000, 000010100, 1010000, 00000000, 100000000, 1000000000, 1000000, 0000000000, 0000, 00001, 000000001, 000000001, 0000001, 00000000, 000000001, 0000000000, 0000001, 0000000000, (?P<t1>((1|0)0)*)(?P<t2>0*)
01010100, 010100, 0100010, 010101010, 0101010010, 0100000, 0101000, 010010100, 010, 0100100, 01233333, 012333, 0123333, 012333333, 0123333333, 0123333, 0123333, 012333333, 012, 0123333, (?P<t1>0)(?P<t2>1)(?P<t3>0)(?P<t4>(10|0)*)
10, 00, 111, 0, 100, 10111111, 1000, 111111, 1111110, 11110, 00, 12, 111, 2, 002, 00111111, 0012, 111111, 1111112, 11112, (?P<t1>(10)?)(?P<t2>1*|0)(?P<t3>0?)
00111111, 00000, 111111111, 00, 111, 0011111111, 001111111, 11, 001111, 001111100, 00000000, 00111, 111111111, 00, 111, 0000000000, 000000000, 11, 000000, 000000011, (?P<t1>(001*)?)(?P<t2>0*|1*)
00111111, 10, 00, 0011, 0011111111, 101111, 10111111, 1011111111, 001111, 1011, 01222222, 01, 01, 0122, 0122222222, 012222, 01222222, 0122222222, 012222, 0122, (?P<t1>1|0)(?P<t2>0)(?P<t3>(11)*)
01010, 010101, 010101010, 0101010, 0101010101, 0, 010, 01, 01010101, 0101, 00001, 000000, 000000001, 0000001, 0000000000, 1, 001, 00, 00000000, 0000, (?P<t1>(01)*)(?P<t2>0?)
0010, 1, 0000, 0, 000, 10010, 00101, 100100, 00100, 10001, 0000, 1, 0001, 1, 000, 00000, 00001, 000001, 00001, 00001, (?P<t1>(1?001?0)?)(?P<t2>(1|0)?)
1111111110, 10, 101110, 00111, 1111111111, 1011111, 001111111, 101111110, 10111110, 101, 1233333334, 12, 123334, 00123, 1233333333, 1233333, 001233333, 123333334, 12333334, 123, (?P<t1>(00)?)(?P<t2>1)(?P<t3>0|1)(?P<t4>1*)(?P<t5>0?)
1111111, 111000000, 111110, 11111, 110, 1110, 01, 1101111, 0110, 1011, 0023444, 002444444, 002344, 23444, 234, 0024, 12, 0012444, 1234, 2444, (?P<t1>(11)?)(?P<t2>0?)(?P<t3>1)(?P<t4>1?)(?P<t5>0*|10|(1|0)11)
00000, 000000, 00000011, 00, 000, 000000000, 00000000, 01, 0000000, 00000001, 00000, 000000, 00000011, 00, 000, 000000000, 00000000, 01, 0000000, 00000001, (?P<t1>0*)(?P<t2>1*|0*)
01010, 0101111110, 010110100, 010001010, 111110, 010100100, 010100101, 0100, 0101101011, 0101, 00000, 0000111111, 000000000, 000000000, 111111, 000000000, 000000000, 0000, 0000000000, 0000, (?P<t1>(0101?(1|0))*)(?P<t2>((11)*10)?)
01111110, 01111111, 10, 1111111111, 111, 01110, 1110, 111111, 01, 0110, 01111112, 01111111, 02, 0111111111, 011, 01112, 0112, 011111, 01, 0112, (?P<t1>1|0)(?P<t2>1*)(?P<t3>0?)
1111111, 111111111, 111, 0, 11111, 110, 111111110, 1111110, 11110, 1, 0000001, 000000001, 001, 1, 00001, 001, 000000001, 0000001, 00001, 1, (?P<t1>(11)*)(?P<t2>0|1)
011111110, 01111111, 0111111111, 011, 11111111, 1111111111, 0111, 0111111, 01, 1, 011111112, 01111111, 0111111111, 011, 01111111, 0111111111, 0111, 0111111, 01, 0, (?P<t1>1|0)(?P<t2>1*)(?P<t3>(1*(1|0))?)
11101, 1110, 1111, 11111111, 111, 11111, 11, 01, 11110, 1111101, 00011, 0001, 0000, 00000000, 000, 00000, 00, 11, 00001, 0000011, (?P<t1>1*)(?P<t2>(01?)?)
1100000, 10000, 111111, 111111000, 000000000, 100000000, 10000000, 11000, 111100000, 1000000000, 0011111, 00000, 000000, 000000111, 111111111, 000000000, 00000000, 00111, 000011111, 0000000000, (?P<t1>(11)*|10*)(?P<t2>0*)
1101, 0001, 0011, 0101010101, 00010101, 1111111101, 00101, 11, 1111101, 101, 1122, 0011, 0011, 1111111111, 00111111, 1111111122, 00122, 11, 1111122, 122, (?P<t1>(00)?)(?P<t2>11|1|(01)*|1*)(?P<t3>(01)?)
11100, 10, 000000, 00, 0000, 000, 000000000, 00000000, 10000000, 0000000000, 00011, 00, 111111, 11, 1111, 011, 011111111, 11111111, 00111111, 1111111111, (?P<t1>(11*|1?0)?)(?P<t2>(00)*)
00000, 000000, 00, 0000, 0, 000, 000000000, 00000000, 0000000, 0000000000, 01111, 011111, 01, 0111, 0, 011, 011111111, 01111111, 0111111, 0111111111, (?P<t1>0)(?P<t2>0*)
00000, 110000000, 1100000, 00, 0000, 0, 110, 000000000, 00000000, 11000, 11111, 001111111, 0011111, 11, 1111, 1, 001, 111111111, 11111111, 00111, (?P<t1>(11)?)(?P<t2>0*)
011, 1100, 111, 1110, 01, 01101010, 1101010101, 11101, 111010101, 101, 012, 1334, 124, 1233, 01, 01333333, 1333333334, 12334, 123333334, 124, (?P<t1>0?)(?P<t2>1)(?P<t3>(0|1)?)(?P<t4>(10)*)(?P<t5>(1|0)?)
111111111, 11111111, 001, 1111111101, 11111, 000000000, 11111101, 11, 111111, 1, 000000000, 00000000, 001, 0000000000, 00000, 000000000, 00000000, 00, 000000, 1, (?P<t1>1*01|0*|1*)(?P<t2>1?)
00000, 010000, 000000, 0100000000, 0000, 010010010, 000000000, 0100100000, 0100, 010000000, 11111, 000111, 111111, 0001111111, 1111, 000000000, 111111111, 0000001111, 0001, 000111111, (?P<t1>(010)*)(?P<t2>0*)
110110, 1111, 111101111, 1111111111, 11111, 111111100, 111111110, 1111111011, 111111, 111111011, 001111, 0000, 000011111, 0000000000, 00000, 000000011, 000000001, 0000000111, 000000, 000000111, (?P<t1>1*)(?P<t2>(10*)*|(0|11)*)
0010, 10, 0011, 001, 000, 000000000, 00000000, 11, 0000000, 0000000000, 0011, 11, 0011, 001, 001, 001111111, 00111111, 11, 0011111, 0011111111, (?P<t1>(00)?)(?P<t2>0*|1?(1|0))
01000000, 0100000000, 11111000, 011000, 1111111111, 0100000, 11111100, 11111101, 1110000, 11, 11222222, 1122222222, 00000122, 001222, 0000000001, 1122222, 00000012, 00000011, 0001222, 01, (?P<t1>1*|01)(?P<t2>01|1|0)(?P<t3>0*)
00000, 00, 0, 000, 000000000, 00000000, 100000000, 10000000, 0000000, 0000000000, 01111, 01, 0, 011, 011111111, 01111111, 011111111, 01111111, 0111111, 0111111111, (?P<t1>(0|1)?)(?P<t2>0*)
1111111, 111111111, 0111111111, 011, 011111, 01111, 11111, 11, 011111111, 01, 1111111, 111111111, 0011111111, 001, 001111, 00111, 11111, 11, 001111111, 00, (?P<t1>(01)?)(?P<t2>1*)
110000, 110000000, 00000, 1100000000, 0000, 0, 110, 1100, 11, 0000000000, 001111, 001111111, 11111, 0011111111, 1111, 1, 001, 0011, 00, 1111111111, (?P<t1>(11)?)(?P<t2>0*)
01001111, 0101111001, 0101011001, 0101001100, 1001111100, 0111, 01010001, 0100, 01010101, 0101, 00111111, 0000111111, 0000001111, 0000111111, 1111111111, 0011, 00001111, 0011, 00000000, 0000, (?P<t1>(01)*)(?P<t2>((1|0|1)(1|0))*)
111111111, 1111, 1111110111, 11111111, 111, 11111, 1111011, 11, 111111, 11110111, 000000123, 0023, 0000001223, 00000023, 123, 00123, 0000123, 23, 000023, 00001223, (?P<t1>(11)*)(?P<t2>(0|1)?)(?P<t3>11|1)(?P<t4>1)
00001, 000000, 00, 0001, 0, 000000000, 00000000, 0000000001, 0000000, 0000000000, 00001, 000000, 00, 0001, 0, 000000000, 00000000, 0000000001, 0000000, 0000000000, (?P<t1>0*)(?P<t2>1?)
10111, 111111111, 10, 111, 1011, 101111, 11, 101111111, 1, 101, 00111, 111111111, 00, 111, 0011, 001111, 11, 001111111, 1, 001, (?P<t1>(10)?)(?P<t2>1*)
00000, 000000, 00, 0100000000, 0000, 0, 000, 01, 010000, 0000000000, 11111, 111111, 11, 0011111111, 1111, 1, 111, 00, 001111, 1111111111, (?P<t1>(01)?)(?P<t2>0*)
0010111110, 10101111, 111111111, 0010, 10, 00, 0101010, 0011101111, 001111, 00101011, 0011111111, 11111111, 000000000, 0011, 11, 00, 0111111, 0011111111, 001111, 00111111, (?P<t1>(00|0)0?|1*)(?P<t2>(1(0|1))*)
111111111, 000000, 0000, 0, 111111000, 1111000, 100, 000000000, 00000000, 111100, 000000000, 111111, 1111, 1, 000000111, 0000111, 011, 111111111, 11111111, 000011, (?P<t1>1*)(?P<t2>0*)
00000, 0001, 0000, 0, 000, 000000000, 00000001, 000001, 0000000, 0000000000, 01111, 0111, 0111, 0, 011, 011111111, 01111111, 011111, 0111111, 0111111111, (?P<t1>0?)(?P<t2>(0*(0|1))?)
1010100, 10111011, 1010101010, 0, 10100, 10101011, 1010101, 11, 1010, 1, 0011113, 00001123, 0011111123, 3, 00113, 00111123, 0011113, 23, 0023, 3, (?P<t1>(10(11)*)?)(?P<t2>(10)*)(?P<t3>1?)(?P<t4>1|0)
10, 000000, 00, 0000, 100, 000000000, 1000000, 100000000, 1, 1000000000, 01, 111111, 11, 1111, 011, 111111111, 0111111, 011111111, 0, 0111111111, (?P<t1>1?)(?P<t2>0*)
010100, 01001010, 1001010010, 100100, 0, 010010010, 10010100, 100100100, 1001010, 010010, 011111, 01111111, 1111111111, 111111, 0, 011111111, 11111111, 111111111, 1111111, 011111, (?P<t1>0?)(?P<t2>(100?)*)
1101, 111111001, 111111111, 1, 1111111111, 1111111101, 11111101, 11, 111011, 1011, 0012, 000000123, 000000002, 2, 0000000002, 0000000012, 00000012, 02, 000123, 0123, (?P<t1>1*)(?P<t2>0?)(?P<t3>1|0)(?P<t4>1?)
111111001, 1101, 1111111, 111111111, 011, 11111, 11001, 11011, 11101, 111111101, 000000123, 0023, 0000123, 000000123, 123, 00123, 00123, 00123, 00123, 000000123, (?P<t1>(11)*)(?P<t2>1*|1*|0|1)(?P<t3>0|1)(?P<t4>1)
10, 1111100, 00, 111110, 110, 111111110, 111111100, 100, 1111110, 11110, 12, 0000012, 12, 000012, 012, 000000012, 000000012, 012, 0000012, 00012, (?P<t1>1*)(?P<t2>1|0)(?P<t3>0)
111111111, 1111, 00, 0011, 11111111, 1111111111, 0011111, 0011111111, 11, 1, 011111111, 0111, 00, 0011, 01111111, 0111111111, 0011111, 0011111111, 01, 0, (?P<t1>00|1)(?P<t2>1*)
01010, 01111111, 0010, 00101010, 010101010, 001010, 010111, 0101010111, 0010101010, 0101111, 11112, 02222222, 0112, 01111112, 111111112, 011112, 111122, 1111111122, 0111111112, 1111222, (?P<t1>0?)(?P<t2>(01)*)(?P<t3>(1|0)1*|010)
1111111, 111111111, 1111, 11111111, 1111111111, 111, 11111, 11, 111111, 1, 0111111, 011111111, 0111, 01111111, 0111111111, 011, 01111, 01, 011111, 0, (?P<t1>1)(?P<t2>1*)
10, 111, 000, 100, 000000000, 11, 100000000, 01, 11000, 101, 01, 012, 122, 012, 122222222, 01, 012222222, 12, 01222, 012, (?P<t1>1?)(?P<t2>1|0)(?P<t3>0*|1)
000000, 00, 0000, 10000, 100, 00000000, 1000000, 100000000, 1, 0000000000, 111111, 11, 1111, 01111, 011, 11111111, 0111111, 011111111, 0, 1111111111, (?P<t1>1?)(?P<t2>(00)*)
010110101, 10, 0101110001, 10101110, 10000, 1001101111, 100111, 1010000, 010100101, 0100100, 012444444, 12, 0124444444, 12444444, 12344, 1234444444, 123444, 1244444, 012444444, 0123444, (?P<t1>0?)(?P<t2>1)(?P<t3>0)(?P<t4>0?)(?P<t5>(0|1)*)
1101010, 1110101010, 1010101010, 110101010, 110, 1110, 11, 101010, 1010, 10101010, 0001111, 0011111111, 1111111111, 000111111, 000, 0011, 00, 111111, 1111, 11111111, (?P<t1>(110?)?)(?P<t2>(10)*)
1111111, 111111111, 1111, 011, 1111111111, 11111111, 0, 0111111, 11, 111111, 0111111, 011111111, 0111, 011, 0111111111, 01111111, 0, 0111111, 01, 011111, (?P<t1>1|0)(?P<t2>1*)
01111111, 10, 00, 1111111111, 0, 0111, 11111, 0111111, 11, 011111111, 01111111, 01, 01, 0111111111, 0, 0111, 01111, 0111111, 01, 011111111, (?P<t1>1|0|1)(?P<t2>0|1*)
10, 1, 10000, 100, 100000, 1000, 100000000, 1000000000, 10000000, 1000000, 01, 0, 01111, 011, 011111, 0111, 011111111, 0111111111, 01111111, 0111111, (?P<t1>1)(?P<t2>0*)
011111110, 111111111, 1111111111, 011111, 111, 01111, 110, 01110, 111111, 01, 011111112, 111111111, 1111111111, 011111, 111, 01111, 112, 01112, 111111, 01, (?P<t1>0?)(?P<t2>1*)(?P<t3>(1|0|1)?)
00000, 000000, 00, 0000, 10000, 000, 000000000, 00000000, 1000000000, 0000000000, 01111, 011111, 01, 0111, 01111, 011, 011111111, 01111111, 0111111111, 0111111111, (?P<t1>(0|1|1)?)(?P<t2>0*)
1111111, 111111111, 1111111111, 111, 1111111101, 11111, 11, 01, 11101, 111111101, 0000000, 000000000, 0000000000, 000, 0000000011, 00000, 00, 11, 00011, 000000011, (?P<t1>1*)(?P<t2>(01)?)
1101, 10111, 1011111001, 00, 0001, 0, 01011101, 01, 1011110, 0100111, 2222, 00000, 0000000222, 12, 1222, 1, 00000011, 11, 0000001, 0001122, (?P<t1>(0?101*)?)(?P<t2>(01|0)?)(?P<t3>((0|11)(01)?)?)
00001, 0000000001, 000000, 0001, 0, 00000000, 01, 0000000, 1, 00000001, 00001, 0000000001, 000000, 0001, 0, 00000000, 01, 0000000, 1, 00000001, (?P<t1>0*)(?P<t2>1?)
10111, 10, 1011111, 101111, 001000, 10111111, 11, 101111111, 1, 101, 00111, 00, 0011111, 001111, 000000, 00111111, 11, 001111111, 1, 001, (?P<t1>((1|0)0)*|101?|1*)(?P<t2>1*)
01000000, 00, 0100000000, 0000, 0, 000000000, 1000, 010000, 0000000, 010000000, 01222222, 02, 0122222222, 0222, 0, 022222222, 1222, 012222, 0222222, 012222222, (?P<t1>0?)(?P<t2>1?)(?P<t3>0*)
1111111110, 111100101, 1111100, 111110, 111111110, 11110101, 111100, 1110, 11, 1111110, 0011111111, 001112222, 0022222, 001111, 001111111, 00111222, 002222, 0011, 00, 0011111, (?P<t1>(11)?)(?P<t2>(1*0)?)(?P<t3>(1*0*10(0|1))?)
000001110, 0000000110, 0001110, 110, 01110, 0000001110, 000110, 0000110, 0110, 00000110, 000001234, 0000000134, 0001234, 134, 01234, 0000001234, 000134, 0000134, 0134, 00000134, (?P<t1>0*)(?P<t2>1)(?P<t3>1?)(?P<t4>1)(?P<t5>0)
00001, 0000001, 110000000, 000000, 1100000, 111, 00000000, 01, 11000000, 00000001, 00001, 0000001, 001111111, 000000, 0011111, 001, 00000000, 01, 00111111, 00000001, (?P<t1>0*|11)(?P<t2>1|0*)
10011111, 10111010, 10, 111010, 1110101111, 1001, 1010101011, 101010, 1010, 1001111010, 00001111, 11111111, 11, 111111, 1111111111, 0000, 1111111111, 111111, 1111, 0000111111, (?P<t1>(1001)?)(?P<t2>(1(0|1))*)
0101000000, 01010, 00000, 010101001, 010101, 0101001, 0101010101, 010100000, 01, 01001, 0000111111, 00001, 11111, 000000112, 000000, 0000112, 0000000000, 000011111, 00, 00112, (?P<t1>(01)*)(?P<t2>0*)(?P<t3>1?)
0000001, 00111111, 001110001, 0011111001, 0001, 00111001, 0010001, 001, 001101, 000001, 0133334, 01222224, 012223334, 0122222334, 0134, 01222334, 0123334, 014, 012234, 013334, (?P<t1>0)(?P<t2>0)(?P<t3>1*)(?P<t4>0*)(?P<t5>1)
0101000000, 01000000, 1010, 010000, 01101000, 0100000000, 01101, 010, 0100, 101, 0023444444, 23444444, 1234, 234444, 00123444, 2344444444, 00123, 234, 2344, 123, (?P<t1>(01)?)(?P<t2>1?)(?P<t3>0)(?P<t4>1)(?P<t5>0*)
01111111, 1111, 111111111, 11111111, 01111, 111, 0, 0111111, 11, 1, 01111111, 1111, 111111111, 11111111, 01111, 111, 0, 0111111, 11, 1, (?P<t1>0?)(?P<t2>1*)
001011, 00111111, 0010000000, 00010110, 11101000, 10100001, 01101, 1011000011, 11101, 101, 000001, 00000001, 0000000001, 00000001, 00000001, 00000001, 00001, 0000000001, 00001, 001, (?P<t1>(0|1)*)(?P<t2>1|0|01)(?P<t3>1|0*)
00000, 000000, 10000, 000, 000000000, 1000, 00000000, 100000000, 1000000, 0000000000, 11111, 111111, 01111, 111, 111111111, 0111, 11111111, 011111111, 0111111, 1111111111, (?P<t1>1?)(?P<t2>0*)(?P<t3>0*)
11101010, 1111111, 11101011, 110101011, 1101010, 111110, 111101011, 111111, 1010, 111111010, 00111111, 0000000, 00111122, 011111122, 0111111, 000011, 000111122, 000000, 1111, 000001111, (?P<t1>1*)(?P<t2>(10)*)(?P<t3>(11)?)
011110101, 1110101, 11111111, 01111, 11111, 011111101, 1010101, 1111110101, 1101010101, 111010101, 011113333, 0113333, 01111111, 01111, 01111, 011111133, 0333333, 0111113333, 0133333333, 011333333, (?P<t1>(0|1)?)(?P<t2>1*)(?P<t3>1?)(?P<t4>(01)*)
1111000000, 1111110000, 11111111, 1100000000, 10000, 11111, 11110000, 11000000, 1000000, 0000000000, 0000111111, 0000001111, 00000000, 0011111111, 01111, 00000, 00001111, 00111111, 0111111, 1111111111, (?P<t1>1*|1*(1|0)?)(?P<t2>(00)*)
000010, 010100, 00000, 00001010, 0000, 10000100, 100100100, 00010100, 00000000, 0000001010, 000011, 011111, 00000, 00001111, 0000, 11111111, 111111111, 00011111, 00000000, 0000001111, (?P<t1>0*)(?P<t2>(1?0)*)
01010, 0110101010, 0010, 010101010, 001010, 00010, 010, 1010, 010010, 0110, 01233, 0133333333, 0233, 012333333, 022333, 02333, 012, 1233, 012333, 0133, (?P<t1>0?)(?P<t2>1?)(?P<t3>(01|0)?)(?P<t4>0?10|(10)*)
1111111, 0010000000, 00, 0011, 111, 1001, 0011111, 10111111, 10011, 101, 0112222, 0112222222, 02, 0112, 011, 0011, 0112222, 01122222, 00112, 011, (?P<t1>0|1|10)(?P<t2>((0|1)1)?)(?P<t3>(1|0)1*|(00|0)*)
001011, 01011, 011, 00, 0011, 100011, 0, 000, 10011, 1, 011222, 00222, 222, 00, 0222, 001222, 0, 001, 00222, 0, (?P<t1>((0|1)(0|1)|1|0)?)(?P<t2>(01?)?)(?P<t3>(011)?)
10, 1100010, 0000110010, 0000, 111111000, 11000000, 110, 00000000, 1110, 0000110, 22, 0000122, 0000000022, 0012, 000000002, 00000012, 002, 00000012, 0022, 0000002, (?P<t1>(11|00)*)(?P<t2>0?)(?P<t3>10|0)
111111001, 11101010, 1010101010, 1001, 1111101, 1111111010, 1010, 111111101, 10101010, 101, 000001111, 00111111, 1111111111, 1111, 0000111, 0000001111, 1111, 000000111, 11111111, 111, (?P<t1>(111*)?)(?P<t2>(10)*|100?1)
1111, 000000, 00000011, 0011, 0000101011, 0111011, 011111101, 0111111111, 1, 0101, 0000, 000000, 00000011, 0111, 0000111111, 0000111, 000000011, 0000000000, 0, 0011, (?P<t1>0?1*|0*|01)(?P<t2>(0?1)*)
110000000, 10, 000000, 00, 0, 000000000, 00000000, 0000000, 1, 0000000000, 000111111, 01, 001111, 00, 0, 001111111, 00111111, 0011111, 0, 0011111111, (?P<t1>0?(1|0)|0*|1*0)(?P<t2>0*)
10111, 111111111, 1111, 11111111, 1111111111, 11111, 101111, 1011111111, 111111, 101, 01222, 012222222, 0122, 01222222, 0122222222, 01222, 012222, 0122222222, 012222, 012, (?P<t1>1)(?P<t2>0|1)(?P<t3>1*)
01010, 010100, 00000, 000000, 00, 0100000, 10100, 101010100, 010000, 0000000, 01111, 011112, 02222, 022222, 02, 0112222, 11112, 111111112, 011222, 0222222, (?P<t1>0?)(?P<t2>(10)*)(?P<t3>0*)
1111, 10, 11111110, 11111111, 111, 0, 11111, 110, 111111110, 11110, 0000, 01, 00000001, 00000000, 000, 1, 00000, 001, 000000001, 00001, (?P<t1>1*)(?P<t2>0?)
1101, 11111010, 11100, 1111111111, 1111110110, 11, 0111110, 11101, 0110, 1111111000, 0012, 00000123, 00012, 0000000002, 0000001233, 02, 1222223, 00012, 1233, 0000000123, (?P<t1>1*)(?P<t2>0?)(?P<t3>0|1|11*)(?P<t4>(1?0)?)
1111111, 1111111110, 1111, 111111111, 11111111, 11111, 111111, 1111110, 11110, 1, 0000000, 0000000011, 0000, 000000000, 00000000, 00000, 000000, 0000011, 00011, 0, (?P<t1>1*)(?P<t2>(10)?)
000001100, 1000011, 011, 0000011, 1001100, 111, 1000001100, 11, 10001100, 0000000011, 111112344, 0111123, 123, 1111123, 0112344, 023, 0111112344, 23, 01112344, 1111111123, (?P<t1>1?)(?P<t2>0*)(?P<t3>1)(?P<t4>1)(?P<t5>(00)?)
1111111110, 1111011111, 01110111, 0101010101, 1111111111, 0111, 110111, 110, 1111010101, 0101, 0000000011, 0000000000, 00000000, 0000000000, 0000000000, 0000, 000000, 001, 0000000000, 0000, (?P<t1>((0|1)1)*)(?P<t2>(1*(11|0))?)
0000001, 0010, 011, 00000101, 001, 00101, 000001, 0110, 0000010, 00000001, 0000001, 0012, 012, 00000133, 001, 00133, 000001, 0123, 0000012, 00000001, (?P<t1>0*)(?P<t2>01|1|0*)(?P<t3>(0|1)?)(?P<t4>(01?)?)
10, 1000000, 10000, 100, 100000, 1000, 100000000, 1000000000, 10000000, 1, 01, 0111111, 01111, 011, 011111, 0111, 011111111, 0111111111, 01111111, 0, (?P<t1>1)(?P<t2>0*)
00001, 010101, 0001010101, 00010101, 000, 000010101, 01, 01010101, 0000101, 0101, 00011, 111111, 0011111111, 00111111, 000, 000111111, 11, 11111111, 0001111, 1111, (?P<t1>(0*(00|0))?)(?P<t2>(01)*)
000000, 0000, 0, 10000, 000, 00000000, 100000000, 1000000000, 10000000, 1, 011111, 0111, 0, 01111, 011, 01111111, 011111111, 0111111111, 01111111, 0, (?P<t1>0|1)(?P<t2>0*)
1111111, 111111111, 1111111111, 11111111, 111, 0, 11111, 111111, 01, 1, 0000000, 000000000, 0000000000, 00000000, 000, 0, 00000, 000000, 01, 0, (?P<t1>1*|0)(?P<t2>1?)
110000, 00000, 10, 00, 0000, 0, 000000000, 1000000, 11000000, 1, 011111, 00111, 00, 00, 0011, 0, 001111111, 0011111, 01111111, 0, (?P<t1>((1|0)0?)?)(?P<t2>((0|1)0*)?)
00001, 10, 00, 1, 0111, 0, 1000, 00000010, 1001001, 0000000011, 00012, 12, 12, 1, 1222, 1, 1222, 00000012, 1222222, 0000001222, (?P<t1>(000)*)(?P<t2>1|0|0|0|1)(?P<t3>(0|1)*)
1111111, 10111, 10, 1111111111, 1011111, 111, 101111, 1011111111, 11, 101111111, 1111111, 00111, 00, 1111111111, 0011111, 111, 001111, 0011111111, 11, 001111111, (?P<t1>(10)?)(?P<t2>1*)
0001111100, 0111100, 0011100, 1111111100, 0011111100, 000111100, 011100, 111100, 01100, 0111111100, 0012344456, 1234456, 0012356, 1234444456, 0012344456, 001234456, 123456, 123456, 12356, 1234444456, (?P<t1>(00)?)(?P<t2>0|1)(?P<t3>1)(?P<t4>1)(?P<t5>1*)(?P<t6>0)(?P<t7>0)
0100011, 000011, 000000011, 00000011, 0000011, 1000000011, 100, 00011, 11, 01, 0011111, 111111, 000111111, 00011111, 0001111, 0001111111, 000, 11111, 00, 00, (?P<t1>((1|0)(1|00))?)(?P<t2>(000*11)?)
000010, 0010, 00, 000000100, 000000000, 00000000, 1000, 1000000000, 0000000, 0000100, 000012, 0012, 12, 000000122, 000000001, 00000012, 1222, 1222222222, 0000001, 0000122, (?P<t1>(00)*)(?P<t2>0|1)(?P<t3>0*)
10, 011, 1011111, 111, 0, 11111, 001111111, 0111111, 0111111111, 1, 01, 022, 0122222, 022, 0, 02222, 012222222, 0222222, 0222222222, 0, (?P<t1>(1|0)?)(?P<t2>0?)(?P<t3>1*)
1111, 10, 11111001, 1111111111, 1111111101, 111110, 11001, 01, 11101, 111111101, 0012, 12, 00001122, 0000000012, 0000000012, 000012, 00122, 12, 00122, 000000122, (?P<t1>(11)*)(?P<t2>0|1|10)(?P<t3>1|0|01)
011, 1111111111, 111, 0111, 11111, 11111101, 11, 0111101, 01, 111101, 011, 1111111111, 111, 0111, 11111, 11111122, 11, 0111122, 01, 111122, (?P<t1>0?)(?P<t2>1*)(?P<t3>(01)?)
1111, 1111111111, 11111111, 0, 110, 111111110, 11, 111111, 1111110, 11110, 0000, 0000000000, 00000000, 1, 001, 000000001, 00, 000000, 0000001, 00001, (?P<t1>(11)*)(?P<t2>0?)
11100, 1111001, 11101, 1110001, 1110101, 11111, 111011, 11110, 1111101, 111101, 01234, 0123455, 01234, 0123455, 0123455, 01234, 012345, 01234, 0123455, 012345, (?P<t1>1)(?P<t2>1)(?P<t3>1)(?P<t4>0|1)(?P<t5>0|1)(?P<t6>(0?1)?)
10, 00, 10000001, 1000001, 0000, 0, 000, 1000, 000000001, 00000001, 01, 12, 01233444, 0123344, 1233, 1, 133, 0133, 123344444, 12334444, (?P<t1>1?)(?P<t2>0?)(?P<t3>0?)(?P<t4>(00)?)(?P<t5>(00*1)?)
1101, 0001101, 00001100, 00101, 0000001100, 0000000101, 100, 001101, 1100, 000001101, 1112, 0001112, 00001112, 00112, 0000001112, 0000000112, 112, 001112, 1112, 000001112, (?P<t1>0*)(?P<t2>(1?10)?)(?P<t3>1|0)
1111, 000000, 1111111111, 01111, 111, 0000, 0, 00000000, 111111, 0000000000, 1111, 011111, 1111111111, 01111, 111, 0111, 0, 01111111, 111111, 0111111111, (?P<t1>0?)(?P<t2>0*|111*)
10, 00, 1111111111, 111, 001, 0, 11111, 101111, 1, 101, 00, 00, 0111111111, 011, 001, 0, 01111, 001111, 0, 001, (?P<t1>((0|1)0?)?)(?P<t2>((1|0)1*)?)
000000011, 0001010101, 0001011, 00, 0000001101, 0000, 0, 0000000, 0000000011, 0000000000, 000000111, 0011111111, 0011111, 00, 0000011111, 0000, 0, 0000000, 0000000111, 0000000000, (?P<t1>0*)(?P<t2>(011?)*)
101010101, 010101, 0101010101, 0101, 1010101, 10101, 01, 01010101, 1, 101, 011111111, 111111, 1111111111, 1111, 0111111, 01111, 11, 11111111, 0, 011, (?P<t1>1?)(?P<t2>(01)*)
1111111, 111111111, 1111, 1111111111, 11111111, 111, 111111, 11111, 11, 1101011, 1111111, 111111111, 1111, 1111111111, 11111111, 111, 111111, 11111, 11, 0000011, (?P<t1>(11010)?)(?P<t2>1*)
1111111, 1111100, 1111111111, 1111111100, 111110, 11111100, 110, 1110, 1111101, 101, 0000012, 0000012, 0000000012, 0000000012, 000012, 00000012, 012, 0012, 0000012, 012, (?P<t1>1*)(?P<t2>1|0)(?P<t3>1|0)
1111111110, 011111100, 1, 0000, 111111110, 100, 0111110000, 011111111, 11000000, 111000, 0111111112, 011111122, 0, 0222, 011111112, 022, 0111112222, 011111111, 01222222, 011222, (?P<t1>(1|1|0|0)?)(?P<t2>1*)(?P<t3>0*)
1111100, 00, 100, 1000000000, 10000000, 11110000, 0000000, 111100000, 1, 0000000000, 0000011, 11, 011, 0111111111, 01111111, 00001111, 1111111, 000011111, 0, 1111111111, (?P<t1>1*)(?P<t2>0*)
01101001, 100011010, 100110101, 1101001, 100101, 1001, 0100101, 0111001001, 1, 101, 00000001, 000000011, 000000001, 0000001, 000001, 0001, 0000001, 0000000001, 1, 001, (?P<t1>((01|01|1)(0|1)0?)*)(?P<t2>10|1)(?P<t3>(01)?)
1101010, 10, 010101010, 0101010, 1010101010, 11010, 110, 101010, 1010, 10101010, 0111111, 11, 011111111, 0111111, 1111111111, 01111, 011, 111111, 1111, 11111111, (?P<t1>(0?(1|0))?)(?P<t2>(10)*)
1000100100, 00011111, 100010011, 100011, 110011100, 000110000, 10100, 1001100001, 00100, 1001000000, 0123344444, 12334444, 012334444, 012334, 012334444, 123344444, 12344, 0123444444, 12344, 0123444444, (?P<t1>1?)(?P<t2>0|1)(?P<t3>0)(?P<t4>01|1)(?P<t5>(00|1)*)
0000001, 00000, 00, 1, 000000000, 000001, 00000000, 0000000001, 000000001, 0000000000, 0000001, 00000, 00, 1, 000000000, 000001, 00000000, 0000000001, 000000001, 0000000000, (?P<t1>0*)(?P<t2>1*|0|1)
00001, 0000001, 000000, 00, 0000, 001, 000000001, 00000000, 1, 0000000000, 00001, 0000001, 000000, 00, 0000, 001, 000000001, 00000000, 1, 0000000000, (?P<t1>(00)*)(?P<t2>1?)
110111111, 1111001100, 100011, 101111, 011011011, 111111110, 0110000, 100000, 100, 111111011, 111111111, 1111111111, 001111, 001111, 111111111, 111111111, 1111111, 001111, 001, 111111111, (?P<t1>(101?)?)(?P<t2>(11|0)*)
1011110000, 101111100, 1, 111, 001111111, 0110000000, 1010000000, 0000000, 11110, 1011, 0122223333, 012222233, 0, 022, 012222222, 0223333333, 0123333333, 0133333, 02223, 0122, (?P<t1>0|1)(?P<t2>0?)(?P<t3>1*)(?P<t4>0*)
10111, 101110101, 101010101, 101110111, 1011111, 1010101, 10101, 101011101, 1011101, 101, 01233, 012333333, 012333333, 012333333, 0123333, 0123333, 01233, 012333333, 0123333, 012, (?P<t1>1)(?P<t2>0)(?P<t3>1)(?P<t4>((1|0)1)*)
000010, 00, 0001, 0101, 000001, 00000000, 0000000001, 000000010, 0000010, 101, 000011, 00, 0002, 0112, 000002, 00000000, 0000000002, 000000011, 0000011, 112, (?P<t1>0*)(?P<t2>(10)?)(?P<t3>1?)
11111010, 11100, 111111111, 01011001, 00111010, 0111, 011110111, 001111111, 1011101111, 101111111, 01111111, 01111, 011111111, 01111111, 01111111, 0111, 011111111, 011111111, 0111111111, 011111111, (?P<t1>0|1)(?P<t2>(0|1)*)(?P<t3>(10)*|1*)
111111111, 1111, 011111, 111, 0, 11111, 101111, 0111111, 111111, 101, 012222222, 0122, 122222, 012, 1, 01222, 012222, 1222222, 012222, 012, (?P<t1>1?)(?P<t2>0|1)(?P<t3>1*)
01001100, 0100000, 0111, 001111, 011100, 00011, 000110, 010001100, 0000110, 0000000000, 00111111, 0011111, 0011, 111111, 001111, 11111, 111111, 001111111, 1111111, 1111111111, (?P<t1>1*|01|00)(?P<t2>(11|0)*)
11100000, 1111, 110000000, 1100000, 0000, 111000000, 111110, 1000, 1100, 100000000, 00011111, 0000, 001111111, 0011111, 1111, 000111111, 000001, 0111, 0011, 011111111, (?P<t1>1*)(?P<t2>0*)
000010, 0001, 0000, 0001110, 000, 1010101, 11, 1010101011, 00011, 0000000000, 111122, 0001, 1111, 0001122, 111, 0000001, 11, 0000000011, 00011, 1111111111, (?P<t1>(10)*|000)(?P<t2>11|1|0*)(?P<t3>(101?)?)
111000110, 10011110, 0100110, 110, 01110, 111010110, 0000010110, 00011110, 11110, 0110, 000000234, 00000234, 0000234, 234, 00234, 000000234, 0000000234, 00000234, 00234, 0234, (?P<t1>(0|1)*)(?P<t2>0?)(?P<t3>1)(?P<t4>1)(?P<t5>0)
01, 101000000, 101100, 110000000, 10, 000000, 110, 1010000, 1011000000, 10000000, 11, 011333333, 011233, 023333333, 03, 333333, 023, 0113333, 0112333333, 03333333, (?P<t1>1?)(?P<t2>(01)?)(?P<t3>1?)(?P<t4>0*)
1101001, 0011011010, 10001101, 1001, 1010000, 0010101101, 1101101, 11000, 1, 101, 0111111, 1111111111, 11111111, 0111, 1111111, 1111111111, 0111111, 01111, 0, 111, (?P<t1>1?)(?P<t2>((1|0)01?)*)
00000, 10, 00, 0, 000, 000000000, 100, 00000000, 1, 0000000000, 00000, 01, 00, 0, 000, 000000000, 012, 00000000, 0, 0000000000, (?P<t1>0*|0|1)(?P<t2>0?)(?P<t3>0?)
111111111, 1111111110, 1111, 11111110, 1111111111, 111110, 110, 11, 111111, 1111110, 000000001, 0000000012, 0001, 00000012, 0000000001, 000012, 012, 01, 000001, 0000012, (?P<t1>1*)(?P<t2>1)(?P<t3>0?)
11101010, 1111, 110011111, 1100010, 111, 110, 11011111, 11000001, 11, 110100011, 01222222, 0122, 012222222, 0122222, 012, 012, 01222222, 01222222, 01, 012222222, (?P<t1>1)(?P<t2>1)(?P<t3>(0|1)*)
0000001, 00, 0000000111, 11111111, 0000111, 000000111, 000001, 1111110, 000000001, 00000001, 0000000, 00, 0000000011, 00000000, 0000011, 000000011, 000000, 0000000, 000000000, 00000000, (?P<t1>0*01|1*0*)(?P<t2>(11)?)
00000, 000000, 00, 00010, 10010, 000, 100, 00000000, 00000010, 10011, 00001, 000001, 01, 00122, 00122, 001, 001, 00000001, 00000122, 00122, (?P<t1>0*|10)(?P<t2>0)(?P<t3>(1(1|0))?)
100111110, 100101101, 100110101, 100001, 100101010, 10011001, 100101011, 100110111, 100111001, 1001001, 012333333, 012333333, 012333333, 012333, 012333333, 01233333, 012333333, 012333333, 012333333, 0123333, (?P<t1>1)(?P<t2>0)(?P<t3>0)(?P<t4>(10?)*|1*001)
101000110, 1010000110, 1010110, 10100110, 0000000110, 00110, 000110, 0000110, 0110, 00000110, 000112345, 0001112345, 0002345, 00012345, 1111112345, 12345, 112345, 1112345, 2345, 11112345, (?P<t1>(101)?)(?P<t2>0*)(?P<t3>0)(?P<t4>1)(?P<t5>1)(?P<t6>0)
110000, 0000001, 1100001, 1, 110000001, 1100000000, 111, 001, 11, 000000001, 001111, 1111112, 0011112, 2, 001111112, 0011111111, 002, 112, 00, 111111112, (?P<t1>(11)?)(?P<t2>(00)*)(?P<t3>1?)
1111111, 1111111110, 10, 11111111, 0, 11111101, 1110, 111111, 111111101, 1, 0111111, 0111111112, 02, 01111111, 2, 01111123, 0112, 011111, 011111123, 0, (?P<t1>1?)(?P<t2>1*)(?P<t3>0?)(?P<t4>1?)
000000, 00, 10000, 000, 100, 1000, 00000000, 1000000000, 0000000, 0000000000, 111111, 11, 00111, 111, 001, 0011, 11111111, 0011111111, 1111111, 1111111111, (?P<t1>(10)?)(?P<t2>(0?00?)*)
110111111, 1111111, 0010, 00, 0101111111, 11111111, 0, 1011111111, 11101, 0101111, 011111111, 0000000, 0011, 00, 0111111111, 00000000, 0, 1111111111, 00111, 0111111, (?P<t1>00?|1*)(?P<t2>(101*)?)
01, 1001, 010010010, 10010101, 11, 010, 01010010, 010010, 01001, 100100101, 11, 0011, 111111111, 00111111, 00, 111, 11111111, 111111, 11111, 001111111, (?P<t1>(1?(1|0))?)(?P<t2>(010?)*)
00001, 01010, 100100010, 00, 1100010, 100010, 1000101000, 00010010, 1000, 1000000, 11111, 11111, 111111111, 11, 0000011, 000011, 0000111111, 11111111, 0000, 0000111, (?P<t1>(11?000)?)(?P<t2>0*(1|0)|(1?0)*)
00111111, 1111, 011, 0011, 11111111, 01111, 1111111111, 0111111, 11, 011111111, 01222222, 2222, 022, 0122, 22222222, 02222, 2222222222, 0222222, 22, 022222222, (?P<t1>0?)(?P<t2>0?)(?P<t3>(11)*)
110000000, 1111100, 11111001, 11111, 111110, 11111101, 11, 111101, 11110000, 101, 001111111, 0000011, 00000122, 00000, 000001, 00000022, 00, 000022, 00001111, 022, (?P<t1>1*)(?P<t2>0*)(?P<t3>(01)?)
00000, 0010, 000000, 00, 0000, 000, 00000000, 010, 010000000, 0000000000, 00111, 0001, 001111, 00, 0011, 001, 00111111, 001, 001111111, 0011111111, (?P<t1>(0?(01|1|0))?)(?P<t2>0*)
00000, 000000, 1111111111, 0, 000000000, 00000000, 11, 0111111111, 0000000, 1, 01111, 011111, 1111111111, 0, 011111111, 01111111, 11, 0111111111, 0111111, 1, (?P<t1>0?)(?P<t2>(0|1)?0?|1*|0*)
01010, 1111111, 111111111, 00000, 010101, 001, 111, 111111, 10001, 0000000000, 00000, 1111111, 111111111, 11111, 000001, 111, 111, 111111, 00111, 1111111111, (?P<t1>((010)*10)?)(?P<t2>1*|0*|001)
110000, 01, 1100000, 0100000000, 0100000001, 00000000, 100000000, 10000000, 11000000, 0000000, 012222, 01, 0122223, 0122222222, 0122222233, 02222223, 022222222, 02222223, 01222222, 0222222, (?P<t1>1|0)(?P<t2>1?)(?P<t3>(00)*)(?P<t4>(01*)?)
010000, 01011001, 0001, 0101010000, 001, 000, 1000, 01010001, 0101011000, 0101010001, 000123, 00000123, 0123, 0000000123, 123, 123, 0123, 00000123, 0000000123, 0000000123, (?P<t1>((01)*(1|0|1))?)(?P<t2>0)(?P<t3>0)(?P<t4>0|1)
11111110, 10, 1111111111, 11111111, 111, 1110, 11, 1111110, 11110, 1, 00000001, 01, 0000000000, 00000000, 000, 0001, 00, 0000001, 00001, 0, (?P<t1>1*)(?P<t2>(1|0)?)
00001, 0000001, 10, 0000, 1001, 0, 0000000000, 000000000, 1, 101, 00011, 0000011, 00, 0000, 0011, 0, 0000000000, 000000000, 0, 011, (?P<t1>10|0*|1)(?P<t2>(01)?)
01100000, 00000, 00, 0000, 000, 11111100, 111111000, 011110, 0111100000, 11000000, 01122222, 02222, 02, 0222, 022, 11111122, 111111222, 011112, 0111122222, 11222222, (?P<t1>0?)(?P<t2>(11)*)(?P<t3>0*)
1111111110, 110000000, 111, 111110, 11111100, 111111110, 11111, 1110, 1111110, 11110, 0122222223, 013333333, 012, 012223, 01222233, 012222223, 01222, 0123, 0122223, 01223, (?P<t1>1)(?P<t2>1)(?P<t3>1*)(?P<t4>10|0*)
011, 0100000000, 01111, 0111, 01110, 011100, 0100, 010, 01, 010000, 013, 0133333333, 01223, 0122, 01223, 012233, 0133, 013, 01, 013333, (?P<t1>0)(?P<t2>1)(?P<t3>(11)?)(?P<t4>0*|0|1)
01010, 10, 01011, 00, 010, 01, 0100, 0110, 1, 0101, 00123, 23, 00123, 13, 001, 00, 0013, 0023, 2, 0012, (?P<t1>(01)?)(?P<t2>0?)(?P<t3>1?)(?P<t4>(1|0)?)
01010100, 01010, 010101, 000000, 00, 0100000000, 010100000, 0101010100, 00000000, 010000000, 00000011, 00001, 000000, 111111, 11, 0011111111, 000011111, 0000000011, 11111111, 001111111, (?P<t1>(01)*)(?P<t2>0*)
00001, 0000001, 0010, 00000, 000000, 000, 000000000, 0000000010, 1, 00000001, 00001, 0000001, 0012, 00011, 000011, 011, 000000011, 0000000012, 1, 00000001, (?P<t1>0*)(?P<t2>1|00)(?P<t3>0?)
010100, 000101, 010101, 000000100, 00000101, 0, 0000000100, 000000000, 010, 1000000000, 000111, 000111, 000111, 000000111, 00000111, 0, 0000000111, 000000000, 000, 0000000000, (?P<t1>010|(1|0)?0*)(?P<t2>(10(0|1))?)
111111111, 0001111110, 0100000011, 01001110, 0011, 0000011, 010011110, 0111, 000001111, 010000000, 222222222, 1112222223, 0011111122, 00112223, 1122, 1111122, 001122223, 0022, 111112222, 001111111, (?P<t1>(01)?)(?P<t2>0*)(?P<t3>1*)(?P<t4>(01)*|1|0|1)
1010100, 10, 1010101010, 0, 10100, 101010100, 100, 101010, 1010, 10101010, 0000001, 00, 0000000000, 1, 00001, 000000001, 001, 000000, 0000, 00000000, (?P<t1>(10)*)(?P<t2>0?)
101110100, 10111011, 10, 000, 101111, 100, 1110000, 1011111010, 11, 10101010, 000000111, 00000000, 00, 111, 000000, 111, 0000111, 0000000000, 00, 00000000, (?P<t1>((10)?1(1|0))*)(?P<t2>((0|1|0)00)?)
10, 1, 10000000, 110, 1100001000, 1000, 1000000000, 01, 10011, 1000000, 00, 0, 00000000, 000, 0000000000, 0000, 0000000000, 11, 00000, 0000000, (?P<t1>(10*)*)(?P<t2>(01|0|1)?)
1101, 110101, 11010101, 101010101, 01010101, 1010101, 1101010101, 111010101, 1, 101, 0022, 002222, 00222222, 022222222, 22222222, 0222222, 0022222222, 001222222, 0, 022, (?P<t1>(11|1)?)(?P<t2>1?)(?P<t3>(01)*)
100101, 10000010, 1000001, 10000001, 10000, 10100, 1000, 100000000, 1010, 100000101, 012334, 01222233, 0122224, 01222224, 01222, 01334, 0122, 012222222, 0133, 012222334, (?P<t1>1)(?P<t2>0)(?P<t3>0*)(?P<t4>(10)?)(?P<t5>(1|0)?)
10, 00, 0000, 111, 0, 000, 110, 010, 01, 1, 01, 01, 0111, 012, 0, 012, 012, 012, 01, 0, (?P<t1>(0|1)?)(?P<t2>1|0|0*)(?P<t3>(0|1)?)
1111, 011, 00, 01111, 111, 11111, 1110, 010, 01, 0111111110, 1111, 011, 02, 01111, 111, 11111, 1112, 012, 01, 0111111112, (?P<t1>0?)(?P<t2>1*)(?P<t3>0?)
10011111, 111111111, 1011111, 0, 0111111, 10111111, 01, 101111111, 10011, 1, 00112222, 122222222, 0012222, 1, 1122222, 00122222, 11, 001222222, 00112, 1, (?P<t1>(10)?)(?P<t2>01|1|0)(?P<t3>1*)
01111110, 01010, 1111111110, 11111110, 110, 111111110, 01110, 011110, 010, 1111110, 01233345, 01245, 1233333345, 12333345, 145, 123333345, 01245, 012345, 045, 1233345, (?P<t1>0?)(?P<t2>1?)(?P<t3>(1|0)?)(?P<t4>1*)(?P<t5>1)(?P<t6>0)
111100001, 1111, 110000001, 1100000000, 111, 1110000001, 11001, 1110000, 111100, 1111001, 012344445, 0123, 124444445, 1244444444, 012, 0124444445, 12445, 0124444, 012344, 0123445, (?P<t1>1?)(?P<t2>1)(?P<t3>1)(?P<t4>1?)(?P<t5>(00)*)(?P<t6>1?)
00001, 0000001, 0000000001, 0001, 1, 001, 000001, 01, 000000001, 00000001, 00001, 0000001, 0000000001, 0001, 1, 001, 000001, 01, 000000001, 00000001, (?P<t1>0*)(?P<t2>1)
1101, 011, 1111111101, 1111011, 11111011, 11111101, 1111111011, 01, 111111011, 1011, 0012, 123, 0000000012, 0000123, 00000123, 00000012, 0000000123, 12, 000000123, 0123, (?P<t1>1*)(?P<t2>0)(?P<t3>1)(?P<t4>1?)
10111, 0010000000, 00000, 0111, 00101, 10100000, 10101, 11, 0000000, 1, 01122, 0112222222, 02222, 1122, 01122, 01122222, 01122, 22, 0222222, 0, (?P<t1>(1|0)?)(?P<t2>(01)?)(?P<t3>(1|0)1|0*)
010101011, 00000, 010101010, 000, 01010000, 00000000, 11, 01, 1, 101, 000000000, 01111, 000000000, 011, 00000111, 01111111, 01, 01, 0, 011, (?P<t1>((01)*(0|1|1))?)(?P<t2>1?(01)?|0*)
110000, 01000000, 1100, 1100000000, 0100000, 01000, 11000000, 0100, 11000, 010000000, 012333, 01233333, 0123, 0123333333, 0123333, 01233, 01233333, 0123, 01233, 012333333, (?P<t1>1|0)(?P<t2>1)(?P<t3>0)(?P<t4>0*)
1111, 011, 00111, 1001111011, 0011001, 001, 10011001, 0111, 100111, 1011, 0345, 234, 11134, 0111111234, 1111234, 234, 01111234, 2345, 002345, 0034, (?P<t1>(10?)?)(?P<t2>(001*)?)(?P<t3>0?)(?P<t4>0|1)(?P<t5>1)(?P<t6>1?)
1111111, 111111111, 00111111, 00, 01111, 0, 11111, 0111111, 001111, 1, 0111111, 011111111, 00111111, 00, 01111, 0, 01111, 0111111, 001111, 0, (?P<t1>00|1|0)(?P<t2>(11)*)
10010011, 1010011, 1001011, 101010011, 100101011, 101001011, 101011, 11, 10011, 1011, 00000012, 0000012, 0000012, 000000012, 000000012, 000000012, 000012, 12, 00012, 0012, (?P<t1>(100?)*)(?P<t2>1)(?P<t3>1)
00001, 0000001, 0000000001, 0001, 001, 000000001, 000001, 01, 1, 00000001, 00002, 0000002, 0000000002, 0002, 002, 000000002, 000002, 02, 2, 00000002, (?P<t1>0*)(?P<t2>0?)(?P<t3>1)
000000, 00, 0000, 0, 000, 000000000, 100, 00000000, 0000000, 0000000000, 000001, 01, 0001, 1, 001, 000000001, 001, 00000001, 0000001, 0000000001, (?P<t1>10|0*)(?P<t2>0)
00, 0100000, 0, 01000, 01000001, 000000000, 0000001001, 010, 0100101, 101, 00, 0000000, 0, 00000, 00000001, 000000000, 0000000000, 000, 0000001, 111, (?P<t1>(01?0?)*)(?P<t2>(0?1(01)*)?)
01010, 010101011, 01011, 010101010, 0101010, 1, 0, 0000001011, 010, 0000000011, 11112, 111111112, 11112, 111111112, 1111112, 2, 2, 0000011112, 112, 0000000112, (?P<t1>(000(00)*)?)(?P<t2>(01)*)(?P<t3>0|1|0)
1101, 1111111, 111111111, 001, 111111, 11111, 00111101, 11111101, 001111101, 01, 1122, 1111111, 111111111, 000, 111111, 11111, 00011122, 11111122, 000111122, 22, (?P<t1>(001?)?)(?P<t2>1*)(?P<t3>(01)?)
111001, 011101, 101111001, 0110001, 10111100, 10011100, 100110001, 111100, 1011110, 01100, 023457, 123457, 001234567, 1234567, 00123456, 00123456, 001234567, 023456, 0012345, 12345, (?P<t1>(10?)?)(?P<t2>0*|0|1)(?P<t3>1)(?P<t4>1)(?P<t5>1|0)(?P<t6>0)(?P<t7>0?)(?P<t8>1?)
1111111, 111111111, 01111111, 1111111111, 01111, 111, 11111111, 11111, 011111111, 01, 0122222, 012222222, 01222222, 0122222222, 01222, 012, 01222222, 01222, 012222222, 01, (?P<t1>1|0|1*)(?P<t2>1)(?P<t3>1*)
10, 011, 00, 111, 1001, 0, 110, 01, 1, 101, 00, 111, 11, 001, 0011, 1, 001, 11, 1, 001, (?P<t1>(1(1|0))?)(?P<t2>(1|0)0?|(01)?1?)
1111111, 111111111, 11111111, 1111111111, 0000, 01111, 111, 11111, 11, 111111, 0000000, 000000000, 00000000, 0000000000, 0000, 01111, 000, 00000, 00, 000000, (?P<t1>1*|0*)(?P<t2>1*)
010101, 0101010101, 001, 0, 00101, 0101, 01, 01010101, 001010101, 0010101, 111111, 1111111111, 011, 0, 01111, 1111, 11, 11111111, 011111111, 0111111, (?P<t1>0?)(?P<t2>(01)*)
110000, 1111111110, 1111, 11111110, 0000, 1111111100, 11, 111100, 11110, 11110000, 001111, 0011111111, 0011, 00111111, 1111, 0011111111, 00, 001111, 00111, 00111111, (?P<t1>(11)?)(?P<t2>(1*0)*|(00|11)*)
11100, 000001100, 00, 001100, 01111100, 100, 1100, 011111111, 0000000, 1, 00011, 000001111, 00, 001111, 00000011, 011, 1111, 000000000, 0000000, 0, (?P<t1>(00|0)*|0?1*|1|00)(?P<t2>((11)?00)?)
